﻿<?xml version="1.0" encoding="UTF-8" standalone="yes"?>
<addon id="teste.repo" name="Repositório Teste" version="1.0.0" provider-name="nome do criador">
	<extension point="xbmc.addon.repository" name="Repositório Teste">
		<info compressed="false">https://raw.githubusercontent.com/juninho122019/CineDragon2/main/addons.xml</info>
		<checksum>https://raw.githubusercontent.com/juninho122019/CineDragon2/main/addons.xml.md5</checksum>
		<datadir zip="true">https://github.com/juninho122019/CineDragon2/raw/main/zip</datadir>
	</extension>
	<extension point="xbmc.addon.metadata">
		<summary>Repositório Teste</summary>
		<description>Repositório Teste para Kodi</description>
		<disclaimer></disclaimer>
		<platform>all</platform>
	</extension>
</addon>